,delta_t,Length(m),mu,angle(rad),gravity,total_time,period_time,experiment_period_time,Difference
0,0.1,0.48,0.0,0.3490658503988659,9.80665,10.0,1.6000000000000003,1.4282,-0.1718000000000004
0,0.01,0.48,0.0,0.3490658503988659,9.80665,10.0,1.4257142857142617,1.4282,0.002485714285738183
0,0.001,0.48,0.0,0.3490658503988659,9.80665,10.0,1.402,1.4282,0.0262
0,0.0001,0.48,0.0,0.3490658503988659,9.80665,10.0,1.4008571428557837,1.4282,0.027342857144216248
0,0.1,0.48,0.1,0.3490658503988659,9.80665,10.0,1.6000000000000003,1.4282,-0.1718000000000004
0,0.01,0.48,0.1,0.3490658503988659,9.80665,10.0,1.4285714285714044,1.4282,-0.00037142857140448626
0,0.001,0.48,0.1,0.3490658503988659,9.80665,10.0,1.4028571428571424,1.4282,0.025342857142857556
0,0.0001,0.48,0.1,0.3490658503988659,9.80665,10.0,1.4017142857129243,1.4282,0.02648571428707558
0,0.1,0.48,0.2,0.3490658503988659,9.80665,10.0,1.6000000000000003,1.4282,-0.1718000000000004
0,0.01,0.48,0.2,0.3490658503988659,9.80665,10.0,1.4266666666666437,1.4282,0.001533333333356257
0,0.001,0.48,0.2,0.3490658503988659,9.80665,10.0,1.4047142857142842,1.4282,0.023485714285715664
0,0.0001,0.48,0.2,0.3490658503988659,9.80665,10.0,1.4033285714272064,1.4282,0.024871428572793564
0,0.1,0.48,0.3,0.3490658503988659,9.80665,10.0,1.6000000000000003,1.4282,-0.1718000000000004
0,0.01,0.48,0.3,0.3490658503988659,9.80665,10.0,1.4349999999999767,1.4282,-0.006799999999976825
0,0.001,0.48,0.3,0.3490658503988659,9.80665,10.0,1.4074285714285684,1.4282,0.02077142857143155
0,0.0001,0.48,0.3,0.3490658503988659,9.80665,10.0,1.405857142855772,1.4282,0.0223428571442279
0,0.1,0.48,0.4,0.3490658503988659,9.80665,10.0,1.6000000000000003,1.4282,-0.1718000000000004
0,0.01,0.48,0.4,0.3490658503988659,9.80665,10.0,1.4466666666666432,1.4282,-0.018466666666643317
0,0.001,0.48,0.4,0.3490658503988659,9.80665,10.0,1.4114285714285661,1.4282,0.016771428571433766
0,0.0001,0.48,0.4,0.3490658503988659,9.80665,10.0,1.4094714285700491,1.4282,0.01872857142995077
0,0.1,0.48,0.5,0.3490658503988659,9.80665,10.0,1.6000000000000003,1.4282,-0.1718000000000004
0,0.01,0.48,0.5,0.3490658503988659,9.80665,10.0,1.4666666666666428,1.4282,-0.03846666666664289
0,0.001,0.48,0.5,0.3490658503988659,9.80665,10.0,1.4169999999999916,1.4282,0.011200000000008314
0,0.0001,0.48,0.5,0.3490658503988659,9.80665,10.0,1.4144285714271805,1.4282,0.013771428572819433
0,0.1,0.48,0.6,0.3490658503988659,9.80665,10.0,1.6000000000000003,1.4282,-0.1718000000000004
0,0.01,0.48,0.6,0.3490658503988659,9.80665,10.0,1.4949999999999755,1.4282,-0.06679999999997555
0,0.001,0.48,0.6,0.3490658503988659,9.80665,10.0,1.424428571428559,1.4282,0.003771428571440971
0,0.0001,0.48,0.6,0.3490658503988659,9.80665,10.0,1.421071428570022,1.4282,0.007128571429977804
0,0.1,0.48,0.7,0.3490658503988659,9.80665,10.0,1.7000000000000004,1.4282,-0.2718000000000005
0,0.01,0.48,0.7,0.3490658503988659,9.80665,10.0,1.5566666666666409,1.4282,-0.12846666666664097
0,0.001,0.48,0.7,0.3490658503988659,9.80665,10.0,1.4335000000001121,1.4282,-0.005300000000112215
0,0.0001,0.48,0.7,0.3490658503988659,9.80665,10.0,1.4298333333322242,1.4282,-0.0016333333322242627
0,0.1,0.48,0.8,0.3490658503988659,9.80665,10.0,1.8000000000000005,1.4282,-0.3718000000000006
0,0.01,0.48,0.8,0.3490658503988659,9.80665,10.0,1.5599999999999756,1.4282,-0.13179999999997571
0,0.001,0.48,0.8,0.3490658503988659,9.80665,10.0,1.446500000000105,1.4282,-0.01830000000010501
0,0.0001,0.48,0.8,0.3490658503988659,9.80665,10.0,1.44156666666553,1.4282,-0.013366666665530103
0,0.1,0.48,0.9,0.3490658503988659,9.80665,10.0,2.0000000000000004,1.4282,-0.5718000000000005
0,0.01,0.48,0.9,0.3490658503988659,9.80665,10.0,1.5674999999999777,1.4282,-0.13929999999997777
0,0.001,0.48,0.9,0.3490658503988659,9.80665,10.0,1.4643333333334283,1.4282,-0.036133333333428386
0,0.0001,0.48,0.9,0.3490658503988659,9.80665,10.0,1.45738333333216,1.4282,-0.029183333332160055
0,0.1,0.38,0.0,0.3490658503988659,9.80665,10.0,1.4000000000000001,1.2994,-0.10060000000000002
0,0.01,0.38,0.0,0.3490658503988659,9.80665,10.0,1.2742857142856934,1.2994,0.02511428571430674
0,0.001,0.38,0.0,0.3490658503988659,9.80665,10.0,1.2477499999999884,1.2994,0.05165000000001174
0,0.0001,0.38,0.0,0.3490658503988659,9.80665,10.0,1.2464499999987624,1.2994,0.05295000000123773
0,0.1,0.38,0.1,0.3490658503988659,9.80665,10.0,1.4000000000000001,1.2994,-0.10060000000000002
0,0.01,0.38,0.1,0.3490658503988659,9.80665,10.0,1.2785714285714076,1.2994,0.020828571428592513
0,0.001,0.38,0.1,0.3490658503988659,9.80665,10.0,1.2486249999999879,1.2994,0.05077500000001223
0,0.0001,0.38,0.1,0.3490658503988659,9.80665,10.0,1.2472124999987606,1.2994,0.052187500001239506
0,0.1,0.38,0.2,0.3490658503988659,9.80665,10.0,1.4000000000000001,1.2994,-0.10060000000000002
0,0.01,0.38,0.2,0.3490658503988659,9.80665,10.0,1.2842857142856932,1.2994,0.015114285714306952
0,0.001,0.38,0.2,0.3490658503988659,9.80665,10.0,1.2500000000000842,1.2994,0.049399999999915956
0,0.0001,0.38,0.2,0.3490658503988659,9.80665,10.0,1.2486499999987573,1.2994,0.050750000001242856
0,0.1,0.38,0.3,0.3490658503988659,9.80665,10.0,1.4000000000000001,1.2994,-0.10060000000000002
0,0.01,0.38,0.3,0.3490658503988659,9.80665,10.0,1.2971428571428358,1.2994,0.0022571428571642738
0,0.001,0.38,0.3,0.3490658503988659,9.80665,10.0,1.2525714285715115,1.2994,0.04682857142848862
0,0.0001,0.38,0.3,0.3490658503988659,9.80665,10.0,1.2508857142847045,1.2994,0.04851428571529559
0,0.1,0.38,0.4,0.3490658503988659,9.80665,10.0,1.4000000000000001,1.2994,-0.10060000000000002
0,0.01,0.38,0.4,0.3490658503988659,9.80665,10.0,1.3185714285714067,1.2994,-0.019171428571406635
0,0.001,0.38,0.4,0.3490658503988659,9.80665,10.0,1.256142857142938,1.2994,0.04325714285706206
0,0.0001,0.38,0.4,0.3490658503988659,9.80665,10.0,1.2541142857132683,1.2994,0.04528571428673178
0,0.1,0.38,0.5,0.3490658503988659,9.80665,10.0,1.5000000000000002,1.2994,-0.2006000000000001
0,0.01,0.38,0.5,0.3490658503988659,9.80665,10.0,1.3628571428571201,1.2994,-0.06345714285712001
0,0.001,0.38,0.5,0.3490658503988659,9.80665,10.0,1.2611428571429353,1.2994,0.03825714285706483
0,0.0001,0.38,0.5,0.3490658503988659,9.80665,10.0,1.2585285714275438,1.2994,0.04087142857245629
0,0.1,0.38,0.6,0.3490658503988659,9.80665,10.0,1.5000000000000002,1.2994,-0.2006000000000001
0,0.01,0.38,0.6,0.3490658503988659,9.80665,10.0,1.3599999999999783,1.2994,-0.06059999999997823
0,0.001,0.38,0.6,0.3490658503988659,9.80665,10.0,1.2678571428572172,1.2994,0.03154285714278293
0,0.0001,0.38,0.6,0.3490658503988659,9.80665,10.0,1.2644428571418158,1.2994,0.0349571428581843
0,0.1,0.38,0.7,0.3490658503988659,9.80665,10.0,1.6000000000000003,1.2994,-0.3006000000000002
0,0.01,0.38,0.7,0.3490658503988659,9.80665,10.0,1.35999999999998,1.2994,-0.06059999999997978
0,0.001,0.38,0.7,0.3490658503988659,9.80665,10.0,1.2767142857143552,1.2994,0.02268571428564492
0,0.0001,0.38,0.7,0.3490658503988659,9.80665,10.0,1.272314285713226,1.2994,0.0270857142867742
0,0.1,0.38,0.8,0.3490658503988659,9.80665,10.0,1.7000000000000004,1.2994,-0.4006000000000003
0,0.01,0.38,0.8,0.3490658503988659,9.80665,10.0,1.3599999999999821,1.2994,-0.060599999999982
0,0.001,0.38,0.8,0.3490658503988659,9.80665,10.0,1.2887142857143485,1.2994,0.01068571428565157
0,0.0001,0.38,0.8,0.3490658503988659,9.80665,10.0,1.2827714285703444,1.2994,0.01662857142965568
0,0.1,0.38,0.9,0.3490658503988659,9.80665,10.0,,1.2994,
0,0.01,0.38,0.9,0.3490658503988659,9.80665,10.0,1.4499999999999802,1.2994,-0.15059999999998008
0,0.001,0.38,0.9,0.3490658503988659,9.80665,10.0,1.305142857142911,1.2994,-0.005742857142910784
0,0.0001,0.38,0.9,0.3490658503988659,9.80665,10.0,1.2969142857131686,1.2994,0.0024857142868315307
0,0.1,0.35,0.0,0.3490658503988659,9.80665,10.0,1.4000000000000001,1.2122,-0.1878000000000002
0,0.01,0.35,0.0,0.3490658503988659,9.80665,10.0,1.2362499999999792,1.2122,-0.024049999999979255
0,0.001,0.35,0.0,0.3490658503988659,9.80665,10.0,1.1975000000000162,1.2122,0.014699999999983726
0,0.0001,0.35,0.0,0.3490658503988659,9.80665,10.0,1.1962374999988794,1.2122,0.01596250000112054
0,0.1,0.35,0.1,0.3490658503988659,9.80665,10.0,1.4000000000000001,1.2122,-0.1878000000000002
0,0.01,0.35,0.1,0.3490658503988659,9.80665,10.0,1.241249999999979,1.2122,-0.029049999999979148
0,0.001,0.35,0.1,0.3490658503988659,9.80665,10.0,1.1983750000000157,1.2122,0.013824999999984211
0,0.0001,0.35,0.1,0.3490658503988659,9.80665,10.0,1.1969749999988777,1.2122,0.015225000001122257
0,0.1,0.35,0.2,0.3490658503988659,9.80665,10.0,1.4000000000000001,1.2122,-0.1878000000000002
0,0.01,0.35,0.2,0.3490658503988659,9.80665,10.0,1.2371428571428371,1.2122,-0.02494285714283717
0,0.001,0.35,0.2,0.3490658503988659,9.80665,10.0,1.199875000000015,1.2122,0.012324999999985042
0,0.0001,0.35,0.2,0.3490658503988659,9.80665,10.0,1.1983624999988745,1.2122,0.013837500001125491
0,0.1,0.35,0.3,0.3490658503988659,9.80665,10.0,1.4000000000000001,1.2122,-0.1878000000000002
0,0.01,0.35,0.3,0.3490658503988659,9.80665,10.0,1.2499999999999798,1.2122,-0.03779999999997985
0,0.001,0.35,0.3,0.3490658503988659,9.80665,10.0,1.2023750000000135,1.2122,0.009824999999986428
0,0.0001,0.35,0.3,0.3490658503988659,9.80665,10.0,1.2005249999988694,1.2122,0.011675000001130531
0,0.1,0.35,0.4,0.3490658503988659,9.80665,10.0,1.4000000000000001,1.2122,-0.1878000000000002
0,0.01,0.35,0.4,0.3490658503988659,9.80665,10.0,1.272857142857122,1.2122,-0.06065714285712209
0,0.001,0.35,0.4,0.3490658503988659,9.80665,10.0,1.2060000000000115,1.2122,0.006199999999988437
0,0.0001,0.35,0.4,0.3490658503988659,9.80665,10.0,1.2036249999988622,1.2122,0.008575000001137756
0,0.1,0.35,0.5,0.3490658503988659,9.80665,10.0,1.4000000000000001,1.2122,-0.1878000000000002
0,0.01,0.35,0.5,0.3490658503988659,9.80665,10.0,1.3428571428571205,1.2122,-0.1306571428571206
0,0.001,0.35,0.5,0.3490658503988659,9.80665,10.0,1.2108750000000088,1.2122,0.0013249999999911388
0,0.0001,0.35,0.5,0.3490658503988659,9.80665,10.0,1.2078749999988523,1.2122,0.004325000001147661
0,0.1,0.35,0.6,0.3490658503988659,9.80665,10.0,1.5000000000000002,1.2122,-0.2878000000000003
0,0.01,0.35,0.6,0.3490658503988659,9.80665,10.0,1.324999999999979,1.2122,-0.11279999999997914
0,0.001,0.35,0.6,0.3490658503988659,9.80665,10.0,1.2175000000000051,1.2122,-0.0053000000000051894
0,0.0001,0.35,0.6,0.3490658503988659,9.80665,10.0,1.213574999998839,1.2122,-0.0013749999988390549
0,0.1,0.35,0.7,0.3490658503988659,9.80665,10.0,1.5000000000000002,1.2122,-0.2878000000000003
0,0.01,0.35,0.7,0.3490658503988659,9.80665,10.0,1.3159999999999807,1.2122,-0.1037999999999808
0,0.001,0.35,0.7,0.3490658503988659,9.80665,10.0,1.2262500000000003,1.2122,-0.01405000000000034
0,0.0001,0.35,0.7,0.3490658503988659,9.80665,10.0,1.2211374999988214,1.2122,-0.00893749999882143
0,0.1,0.35,0.8,0.3490658503988659,9.80665,10.0,1.7000000000000004,1.2122,-0.48780000000000046
0,0.01,0.35,0.8,0.3490658503988659,9.80665,10.0,1.3124999999999831,1.2122,-0.10029999999998318
0,0.001,0.35,0.8,0.3490658503988659,9.80665,10.0,1.2381249999999937,1.2122,-0.02592499999999376
0,0.0001,0.35,0.8,0.3490658503988659,9.80665,10.0,1.231212499998798,1.2122,-0.01901249999879795
0,0.1,0.35,0.9,0.3490658503988659,9.80665,10.0,,1.2122,
0,0.01,0.35,0.9,0.3490658503988659,9.80665,10.0,1.4674999999999798,1.2122,-0.2552999999999799
0,0.001,0.35,0.9,0.3490658503988659,9.80665,10.0,1.2530000000000825,1.2122,-0.04080000000008255
0,0.0001,0.35,0.9,0.3490658503988659,9.80665,10.0,1.2448124999987662,1.2122,-0.03261249999876625
0,0.1,0.27,0.0,0.3490658503988659,9.80665,10.0,1.3,1.0744,-0.22560000000000002
0,0.01,0.27,0.0,0.3490658503988659,9.80665,10.0,1.099999999999982,1.0744,-0.02559999999998208
0,0.001,0.27,0.0,0.3490658503988659,9.80665,10.0,1.0522222222222435,1.0744,0.022177777777756535
0,0.0001,0.27,0.0,0.3490658503988659,9.80665,10.0,1.0506999999990334,1.0744,0.023700000000966615
0,0.1,0.27,0.1,0.3490658503988659,9.80665,10.0,1.3,1.0744,-0.22560000000000002
0,0.01,0.27,0.1,0.3490658503988659,9.80665,10.0,1.106249999999982,1.0744,-0.03184999999998195
0,0.001,0.27,0.1,0.3490658503988659,9.80665,10.0,1.0528888888889096,1.0744,0.021511111111090386
0,0.0001,0.27,0.1,0.3490658503988659,9.80665,10.0,1.0513444444434763,1.0744,0.02305555555652372
0,0.1,0.27,0.2,0.3490658503988659,9.80665,10.0,1.3,1.0744,-0.22560000000000002
0,0.01,0.27,0.2,0.3490658503988659,9.80665,10.0,1.1237499999999816,1.0744,-0.049349999999981575
0,0.001,0.27,0.2,0.3490658503988659,9.80665,10.0,1.0543333333333533,1.0744,0.020066666666646693
0,0.0001,0.27,0.2,0.3490658503988659,9.80665,10.0,1.0525666666656956,1.0744,0.021833333334304372
0,0.1,0.27,0.3,0.3490658503988659,9.80665,10.0,1.3,1.0744,-0.22560000000000002
0,0.01,0.27,0.3,0.3490658503988659,9.80665,10.0,1.118571428571411,1.0744,-0.04417142857141099
0,0.001,0.27,0.3,0.3490658503988659,9.80665,10.0,1.0566666666666853,1.0744,0.017733333333314727
0,0.0001,0.27,0.3,0.3490658503988659,9.80665,10.0,1.0544777777768024,1.0744,0.019922222223197616
0,0.1,0.27,0.4,0.3490658503988659,9.80665,10.0,1.3,1.0744,-0.22560000000000002
0,0.01,0.27,0.4,0.3490658503988659,9.80665,10.0,1.182857142857124,1.0744,-0.10845714285712393
0,0.001,0.27,0.4,0.3490658503988659,9.80665,10.0,1.0598888888889058,1.0744,0.014511111111094266
0,0.0001,0.27,0.4,0.3490658503988659,9.80665,10.0,1.0572111111101292,1.0744,0.0171888888898708
0,0.1,0.27,0.5,0.3490658503988659,9.80665,10.0,1.3,1.0744,-0.22560000000000002
0,0.01,0.27,0.5,0.3490658503988659,9.80665,10.0,1.1549999999999827,1.0744,-0.08059999999998269
0,0.001,0.27,0.5,0.3490658503988659,9.80665,10.0,1.064444444444459,1.0744,0.009955555555541062
0,0.0001,0.27,0.5,0.3490658503988659,9.80665,10.0,1.060966666665676,1.0744,0.01343333333432395
0,0.1,0.27,0.6,0.3490658503988659,9.80665,10.0,1.3,1.0744,-0.22560000000000002
0,0.01,0.27,0.6,0.3490658503988659,9.80665,10.0,1.1419999999999846,1.0744,-0.06759999999998456
0,0.001,0.27,0.6,0.3490658503988659,9.80665,10.0,1.0704444444444556,1.0744,0.003955555555544388
0,0.0001,0.27,0.6,0.3490658503988659,9.80665,10.0,1.0659888888878866,1.0744,0.008411111112113456
0,0.1,0.27,0.7,0.3490658503988659,9.80665,10.0,1.4000000000000001,1.0744,-0.3256000000000001
0,0.01,0.27,0.7,0.3490658503988659,9.80665,10.0,1.134999999999987,1.0744,-0.06059999999998689
0,0.001,0.27,0.7,0.3490658503988659,9.80665,10.0,1.078666666666673,1.0744,-0.00426666666667308
0,0.0001,0.27,0.7,0.3490658503988659,9.80665,10.0,1.0726666666656488,1.0744,0.001733333334351217
0,0.1,0.27,0.8,0.3490658503988659,9.80665,10.0,1.8000000000000005,1.0744,-0.7256000000000005
0,0.01,0.27,0.8,0.3490658503988659,9.80665,10.0,1.1924999999999857,1.0744,-0.11809999999998566
0,0.001,0.27,0.8,0.3490658503988659,9.80665,10.0,1.089666666666667,1.0744,-0.015266666666666984
0,0.0001,0.27,0.8,0.3490658503988659,9.80665,10.0,1.0815555555545169,1.0744,-0.007155555554516857
0,0.1,0.27,0.9,0.3490658503988659,9.80665,10.0,,1.0744,
0,0.01,0.27,0.9,0.3490658503988659,9.80665,10.0,1.173333333333323,1.0744,-0.09893333333332288
0,0.001,0.27,0.9,0.3490658503988659,9.80665,10.0,1.1048888888888808,1.0744,-0.030488888888880794
0,0.0001,0.27,0.9,0.3490658503988659,9.80665,10.0,1.0935666666656,1.0744,-0.019166666665600074
0,0.1,0.24,0.0,0.3490658503988659,9.80665,10.0,1.2,1.0088,-0.19120000000000004
0,0.01,0.24,0.0,0.3490658503988659,9.80665,10.0,1.0711111111110931,1.0088,-0.06231111111109322
0,0.001,0.24,0.0,0.3490658503988659,9.80665,10.0,0.992299999999994,1.0088,0.016500000000005954
0,0.0001,0.24,0.0,0.3490658503988659,9.80665,10.0,0.9906299999990251,1.0088,0.018170000000974795
0,0.1,0.24,0.1,0.3490658503988659,9.80665,10.0,1.2,1.0088,-0.19120000000000004
0,0.01,0.24,0.1,0.3490658503988659,9.80665,10.0,1.0922222222222038,1.0088,-0.08342222222220386
0,0.001,0.24,0.1,0.3490658503988659,9.80665,10.0,0.9929999999999936,1.0088,0.015800000000006365
0,0.0001,0.24,0.1,0.3490658503988659,9.80665,10.0,0.9912399999990237,1.0088,0.01756000000097624
0,0.1,0.24,0.2,0.3490658503988659,9.80665,10.0,1.2,1.0088,-0.19120000000000004
0,0.01,0.24,0.2,0.3490658503988659,9.80665,10.0,1.0812499999999825,1.0088,-0.07244999999998258
0,0.001,0.24,0.2,0.3490658503988659,9.80665,10.0,0.9943999999999928,1.0088,0.014400000000007074
0,0.0001,0.24,0.2,0.3490658503988659,9.80665,10.0,0.992399999999021,1.0088,0.016400000000978965
0,0.1,0.24,0.3,0.3490658503988659,9.80665,10.0,1.2,1.0088,-0.19120000000000004
0,0.01,0.24,0.3,0.3490658503988659,9.80665,10.0,1.071428571428555,1.0088,-0.06262857142855505
0,0.001,0.24,0.3,0.3490658503988659,9.80665,10.0,0.9966999999999915,1.0088,0.012100000000008437
0,0.0001,0.24,0.3,0.3490658503988659,9.80665,10.0,0.9941999999990168,1.0088,0.01460000000098316
0,0.1,0.24,0.4,0.3490658503988659,9.80665,10.0,1.2,1.0088,-0.19120000000000004
0,0.01,0.24,0.4,0.3490658503988659,9.80665,10.0,1.0616666666666514,1.0088,-0.05286666666665152
0,0.001,0.24,0.4,0.3490658503988659,9.80665,10.0,0.9998999999999898,1.0088,0.008900000000010122
0,0.0001,0.24,0.4,0.3490658503988659,9.80665,10.0,0.9967899999990107,1.0088,0.012010000000989174
0,0.1,0.24,0.5,0.3490658503988659,9.80665,10.0,1.2,1.0088,-0.19120000000000004
0,0.01,0.24,0.5,0.3490658503988659,9.80665,10.0,1.0559999999999863,1.0088,-0.047199999999986364
0,0.001,0.24,0.5,0.3490658503988659,9.80665,10.0,1.0037777777778258,1.0088,0.0050222222221740775
0,0.0001,0.24,0.5,0.3490658503988659,9.80665,10.0,1.0002999999991509,1.0088,0.00850000000084905
0,0.1,0.24,0.6,0.3490658503988659,9.80665,10.0,1.3,1.0088,-0.2912000000000001
0,0.01,0.24,0.6,0.3490658503988659,9.80665,10.0,1.0979999999999854,1.0088,-0.08919999999998551
0,0.001,0.24,0.6,0.3490658503988659,9.80665,10.0,1.0095555555556004,1.0088,-0.0007555555556004734
0,0.0001,0.24,0.6,0.3490658503988659,9.80665,10.0,1.0050444444435842,1.0088,0.003755555556415713
0,0.1,0.24,0.7,0.3490658503988659,9.80665,10.0,1.4000000000000001,1.0088,-0.3912000000000002
0,0.01,0.24,0.7,0.3490658503988659,9.80665,10.0,1.079999999999988,1.0088,-0.07119999999998816
0,0.001,0.24,0.7,0.3490658503988659,9.80665,10.0,1.017444444444485,1.0088,-0.008644444444485089
0,0.0001,0.24,0.7,0.3490658503988659,9.80665,10.0,1.0113444444435695,1.0088,-0.0025444444435696045
0,0.1,0.24,0.8,0.3490658503988659,9.80665,10.0,,1.0088,
0,0.01,0.24,0.8,0.3490658503988659,9.80665,10.0,1.1949999999999856,1.0088,-0.1861999999999857
0,0.001,0.24,0.8,0.3490658503988659,9.80665,10.0,1.0280000000000347,1.0088,-0.019200000000034745
0,0.0001,0.24,0.8,0.3490658503988659,9.80665,10.0,1.01974444444355,1.0088,-0.010944444443550028
0,0.1,0.24,0.9,0.3490658503988659,9.80665,10.0,,1.0088,
0,0.01,0.24,0.9,0.3490658503988659,9.80665,10.0,1.1199999999999908,1.0088,-0.11119999999999086
0,0.001,0.24,0.9,0.3490658503988659,9.80665,10.0,1.042555555555582,1.0088,-0.033755555555582184
0,0.0001,0.24,0.9,0.3490658503988659,9.80665,10.0,1.031088888887968,1.0088,-0.022288888887967984
0,0.1,0.21,0.0,0.3490658503988659,9.80665,10.0,1.2,0.9042,-0.29579999999999995
0,0.01,0.21,0.0,0.3490658503988659,9.80665,10.0,1.0266666666666497,0.9042,-0.12246666666664974
0,0.001,0.21,0.0,0.3490658503988659,9.80665,10.0,0.9283000000000294,0.9042,-0.02410000000002943
0,0.0001,0.21,0.0,0.3490658503988659,9.80665,10.0,0.9266599999991743,0.9042,-0.02245999999917425
0,0.1,0.21,0.1,0.3490658503988659,9.80665,10.0,1.2,0.9042,-0.29579999999999995
0,0.01,0.21,0.1,0.3490658503988659,9.80665,10.0,1.0012499999999842,0.9042,-0.0970499999999842
0,0.001,0.21,0.1,0.3490658503988659,9.80665,10.0,0.929000000000029,0.9042,-0.02480000000002902
0,0.0001,0.21,0.1,0.3490658503988659,9.80665,10.0,0.9272299999991729,0.9042,-0.02302999999917288
0,0.1,0.21,0.2,0.3490658503988659,9.80665,10.0,1.0999999999999999,0.9042,-0.19579999999999986
0,0.01,0.21,0.2,0.3490658503988659,9.80665,10.0,0.9899999999999852,0.9042,-0.08579999999998522
0,0.001,0.21,0.2,0.3490658503988659,9.80665,10.0,0.9304000000000283,0.9042,-0.026200000000028312
0,0.0001,0.21,0.2,0.3490658503988659,9.80665,10.0,0.9283199999991704,0.9042,-0.02411999999917036
0,0.1,0.21,0.3,0.3490658503988659,9.80665,10.0,1.0999999999999999,0.9042,-0.19579999999999986
0,0.01,0.21,0.3,0.3490658503988659,9.80665,10.0,1.0585714285714123,0.9042,-0.15437142857141228
0,0.001,0.21,0.3,0.3490658503988659,9.80665,10.0,0.9325000000000271,0.9042,-0.02830000000002708
0,0.0001,0.21,0.3,0.3490658503988659,9.80665,10.0,0.9300099999991664,0.9042,-0.025809999999166444
0,0.1,0.21,0.4,0.3490658503988659,9.80665,10.0,1.2,0.9042,-0.29579999999999995
0,0.01,0.21,0.4,0.3490658503988659,9.80665,10.0,1.0149999999999857,0.9042,-0.11079999999998569
0,0.001,0.21,0.4,0.3490658503988659,9.80665,10.0,0.9355000000000254,0.9042,-0.03130000000002542
0,0.0001,0.21,0.4,0.3490658503988659,9.80665,10.0,0.9324299999991608,0.9042,-0.02822999999916076
0,0.1,0.21,0.5,0.3490658503988659,9.80665,10.0,1.2,0.9042,-0.29579999999999995
0,0.01,0.21,0.5,0.3490658503988659,9.80665,10.0,0.9999999999999876,0.9042,-0.09579999999998756
0,0.001,0.21,0.5,0.3490658503988659,9.80665,10.0,0.9397000000000231,0.9042,-0.03550000000002307
0,0.0001,0.21,0.5,0.3490658503988659,9.80665,10.0,0.935759999999153,0.9042,-0.03155999999915304
0,0.1,0.21,0.6,0.3490658503988659,9.80665,10.0,1.3,0.9042,-0.39580000000000004
0,0.01,0.21,0.6,0.3490658503988659,9.80665,10.0,0.9899999999999899,0.9042,-0.08579999999998988
0,0.001,0.21,0.6,0.3490658503988659,9.80665,10.0,0.94540000000002,0.9042,-0.04120000000002
0,0.0001,0.21,0.6,0.3490658503988659,9.80665,10.0,0.9402099999991427,0.9042,-0.03600999999914267
0,0.1,0.21,0.7,0.3490658503988659,9.80665,10.0,1.4000000000000001,0.9042,-0.49580000000000013
0,0.01,0.21,0.7,0.3490658503988659,9.80665,10.0,1.0274999999999892,0.9042,-0.1232999999999892
0,0.001,0.21,0.7,0.3490658503988659,9.80665,10.0,0.9531000000000157,0.9042,-0.04890000000001571
0,0.0001,0.21,0.7,0.3490658503988659,9.80665,10.0,0.9461299999991288,0.9042,-0.04192999999912883
0,0.1,0.21,0.8,0.3490658503988659,9.80665,10.0,,0.9042,
0,0.01,0.21,0.8,0.3490658503988659,9.80665,10.0,1.0099999999999931,0.9042,-0.10579999999999312
0,0.001,0.21,0.8,0.3490658503988659,9.80665,10.0,0.9635000000000099,0.9042,-0.0593000000000099
0,0.0001,0.21,0.8,0.3490658503988659,9.80665,10.0,0.9540199999991105,0.9042,-0.049819999999110465
0,0.1,0.21,0.9,0.3490658503988659,9.80665,10.0,,0.9042,
0,0.01,0.21,0.9,0.3490658503988659,9.80665,10.0,1.0699999999999918,0.9042,-0.16579999999999184
0,0.001,0.21,0.9,0.3490658503988659,9.80665,10.0,0.9780000000000019,0.9042,-0.07380000000000186
0,0.0001,0.21,0.9,0.3490658503988659,9.80665,10.0,0.9646799999990856,0.9042,-0.0604799999990856
0,0.1,0.13,0.0,0.3490658503988659,9.80665,10.0,,0.7704,
0,0.01,0.13,0.0,0.3490658503988659,9.80665,10.0,0.8042857142857035,0.7704,-0.03388571428570353
0,0.001,0.13,0.0,0.3490658503988659,9.80665,10.0,0.7316153846153975,0.7704,0.03878461538460243
0,0.0001,0.13,0.0,0.3490658503988659,9.80665,10.0,0.7291769230762497,0.7704,0.04122307692375027
0,0.1,0.13,0.1,0.3490658503988659,9.80665,10.0,,0.7704,
0,0.01,0.13,0.1,0.3490658503988659,9.80665,10.0,0.8514285714285597,0.7704,-0.08102857142855968
0,0.001,0.13,0.1,0.3490658503988659,9.80665,10.0,0.7322307692307818,0.7704,0.03816923076921819
0,0.0001,0.13,0.1,0.3490658503988659,9.80665,10.0,0.7296307692300948,0.7704,0.04076923076990513
0,0.1,0.13,0.2,0.3490658503988659,9.80665,10.0,0.9999999999999999,0.7704,-0.22959999999999992
0,0.01,0.13,0.2,0.3490658503988659,9.80665,10.0,0.801666666666657,0.7704,-0.031266666666657006
0,0.001,0.13,0.2,0.3490658503988659,9.80665,10.0,0.7334615384615504,0.7704,0.036938461538449596
0,0.0001,0.13,0.2,0.3490658503988659,9.80665,10.0,0.7304999999993236,0.7704,0.039900000000676394
0,0.1,0.13,0.3,0.3490658503988659,9.80665,10.0,0.9999999999999999,0.7704,-0.22959999999999992
0,0.01,0.13,0.3,0.3490658503988659,9.80665,10.0,0.7799999999999921,0.7704,-0.00959999999999217
0,0.001,0.13,0.3,0.3490658503988659,9.80665,10.0,0.7354615384615493,0.7704,0.034938461538450705
0,0.0001,0.13,0.3,0.3490658503988659,9.80665,10.0,0.7318461538454742,0.7704,0.03855384615452573
0,0.1,0.13,0.4,0.3490658503988659,9.80665,10.0,0.9999999999999999,0.7704,-0.22959999999999992
0,0.01,0.13,0.4,0.3490658503988659,9.80665,10.0,0.8299999999999912,0.7704,-0.059599999999991216
0,0.001,0.13,0.4,0.3490658503988659,9.80665,10.0,0.7383076923077015,0.7704,0.03209230769229843
0,0.0001,0.13,0.4,0.3490658503988659,9.80665,10.0,0.7337846153839312,0.7704,0.036615384616068725
0,0.1,0.13,0.5,0.3490658503988659,9.80665,10.0,1.0999999999999999,0.7704,-0.3295999999999999
0,0.01,0.13,0.5,0.3490658503988659,9.80665,10.0,0.7874999999999942,0.7704,-0.01709999999999423
0,0.001,0.13,0.5,0.3490658503988659,9.80665,10.0,0.7423076923076993,0.7704,0.028092307692300644
0,0.0001,0.13,0.5,0.3490658503988659,9.80665,10.0,0.7364461538454635,0.7704,0.03395384615453645
0,0.1,0.13,0.6,0.3490658503988659,9.80665,10.0,1.4000000000000001,0.7704,-0.6296000000000002
0,0.01,0.13,0.6,0.3490658503988659,9.80665,10.0,0.8574999999999927,0.7704,-0.08709999999999274
0,0.001,0.13,0.6,0.3490658503988659,9.80665,10.0,0.7477692307692347,0.7704,0.022630769230765235
0,0.0001,0.13,0.6,0.3490658503988659,9.80665,10.0,0.7400076923069937,0.7704,0.03039230769300627
0,0.1,0.13,0.7,0.3490658503988659,9.80665,10.0,,0.7704,
0,0.01,0.13,0.7,0.3490658503988659,9.80665,10.0,0.7966666666666643,0.7704,-0.02626666666666433
0,0.001,0.13,0.7,0.3490658503988659,9.80665,10.0,0.755230769230769,0.7704,0.015169230769230935
0,0.0001,0.13,0.7,0.3490658503988659,9.80665,10.0,0.7447461538454442,0.7704,0.025653846154555793
0,0.1,0.13,0.8,0.3490658503988659,9.80665,10.0,,0.7704,
0,0.01,0.13,0.8,0.3490658503988659,9.80665,10.0,0.8533333333333298,0.7704,-0.08293333333332986
0,0.001,0.13,0.8,0.3490658503988659,9.80665,10.0,0.7656923076923017,0.7704,0.004707692307698297
0,0.0001,0.13,0.8,0.3490658503988659,9.80665,10.0,0.7510692307685064,0.7704,0.019330769231493572
0,0.1,0.13,0.9,0.3490658503988659,9.80665,10.0,,0.7704,
0,0.01,0.13,0.9,0.3490658503988659,9.80665,10.0,0.8050000000000006,0.7704,-0.03460000000000063
0,0.001,0.13,0.9,0.3490658503988659,9.80665,10.0,0.7783333333333552,0.7704,-0.00793333333335522
0,0.0001,0.13,0.9,0.3490658503988659,9.80665,10.0,0.7596307692300249,0.7704,0.010769230769975047
0,0.1,0.08,0.0,0.3490658503988659,9.80665,10.0,,0.5732,
0,0.01,0.08,0.0,0.3490658503988659,9.80665,10.0,0.6139999999999957,0.5732,-0.04079999999999562
0,0.001,0.08,0.0,0.3490658503988659,9.80665,10.0,0.575941176470589,0.5732,-0.002741176470588913
0,0.0001,0.08,0.0,0.3490658503988659,9.80665,10.0,0.5721235294112159,0.5732,0.0010764705887841286
0,0.1,0.08,0.1,0.3490658503988659,9.80665,10.0,,0.5732,
0,0.01,0.08,0.1,0.3490658503988659,9.80665,10.0,0.6199999999999956,0.5732,-0.04679999999999551
0,0.001,0.08,0.1,0.3490658503988659,9.80665,10.0,0.5766470588235297,0.5732,-0.0034470588235296917
0,0.0001,0.08,0.1,0.3490658503988659,9.80665,10.0,0.5724882352935681,0.5732,0.0007117647064319721
0,0.1,0.08,0.2,0.3490658503988659,9.80665,10.0,,0.5732,
0,0.01,0.08,0.2,0.3490658503988659,9.80665,10.0,0.6619999999999947,0.5732,-0.08879999999999466
0,0.001,0.08,0.2,0.3490658503988659,9.80665,10.0,0.5779411764705878,0.5732,-0.0047411764705878046
0,0.0001,0.08,0.2,0.3490658503988659,9.80665,10.0,0.5731882352935664,0.5732,1.17647064336035e-05
0,0.1,0.08,0.3,0.3490658503988659,9.80665,10.0,0.8999999999999999,0.5732,-0.32679999999999987
0,0.01,0.08,0.3,0.3490658503988659,9.80665,10.0,0.6149999999999979,0.5732,-0.04179999999999784
0,0.001,0.08,0.3,0.3490658503988659,9.80665,10.0,0.580117647058822,0.5732,-0.0069176470588219185
0,0.0001,0.08,0.3,0.3490658503988659,9.80665,10.0,0.5742764705876815,0.5732,-0.001076470587681455
0,0.1,0.08,0.4,0.3490658503988659,9.80665,10.0,0.9999999999999999,0.5732,-0.42679999999999985
0,0.01,0.08,0.4,0.3490658503988659,9.80665,10.0,0.6499999999999971,0.5732,-0.07679999999999709
0,0.001,0.08,0.4,0.3490658503988659,9.80665,10.0,0.5832352941176437,0.5732,-0.0100352941176437
0,0.0001,0.08,0.4,0.3490658503988659,9.80665,10.0,0.5758352941170897,0.5732,-0.002635294117089626
0,0.1,0.08,0.5,0.3490658503988659,9.80665,10.0,,0.5732,
0,0.01,0.08,0.5,0.3490658503988659,9.80665,10.0,0.6133333333333338,0.5732,-0.0401333333333338
0,0.001,0.08,0.5,0.3490658503988659,9.80665,10.0,0.5877647058823472,0.5732,-0.014564705882347151
0,0.0001,0.08,0.5,0.3490658503988659,9.80665,10.0,0.577976470587673,0.5732,-0.004776470587672943
0,0.1,0.08,0.6,0.3490658503988659,9.80665,10.0,,0.5732,
0,0.01,0.08,0.6,0.3490658503988659,9.80665,10.0,0.6366666666666672,0.5732,-0.06346666666666712
0,0.001,0.08,0.6,0.3490658503988659,9.80665,10.0,0.5928125000000113,0.5732,-0.019612500000011246
0,0.0001,0.08,0.6,0.3490658503988659,9.80665,10.0,0.5808529411759015,0.5732,-0.007652941175901429
0,0.1,0.08,0.7,0.3490658503988659,9.80665,10.0,,0.5732,
0,0.01,0.08,0.7,0.3490658503988659,9.80665,10.0,0.6100000000000004,0.5732,-0.03680000000000039
0,0.001,0.08,0.7,0.3490658503988659,9.80665,10.0,0.6014375000000066,0.5732,-0.028237500000006577
0,0.0001,0.08,0.7,0.3490658503988659,9.80665,10.0,0.5846823529405984,0.5732,-0.011482352940598406
0,0.1,0.08,0.8,0.3490658503988659,9.80665,10.0,,0.5732,
0,0.01,0.08,0.8,0.3490658503988659,9.80665,10.0,0.6300000000000004,0.5732,-0.056800000000000406
0,0.001,0.08,0.8,0.3490658503988659,9.80665,10.0,0.6146249999999993,0.5732,-0.04142499999999927
0,0.0001,0.08,0.8,0.3490658503988659,9.80665,10.0,0.5897124999994593,0.5732,-0.01651249999945925
0,0.1,0.08,0.9,0.3490658503988659,9.80665,10.0,,0.5732,
0,0.01,0.08,0.9,0.3490658503988659,9.80665,10.0,0.6650000000000005,0.5732,-0.09180000000000044
0,0.001,0.08,0.9,0.3490658503988659,9.80665,10.0,0.6318000000000125,0.5732,-0.05860000000001242
0,0.0001,0.08,0.9,0.3490658503988659,9.80665,10.0,0.5966312499994432,0.5732,-0.023431249999443127
